-- Generated Seed Data from Frontend JSON (Fixed Schema + UUIDs)

-- Slides
INSERT INTO slides (id, title, tagline, title_highlight, image, button_link, button_text, active, display_order) VALUES
('00000000-0000-0000-0000-000000000001', 'Precision Through', 'BUILD ANYTHING WITH US', 'Digital Tools.', 'https://images.unsplash.com/photo-1504307651254-35680f356dfd?w=1200&q=80', 'contact.html', 'Contact Us', true, 1),
('00000000-0000-0000-0000-000000000002', 'Expert Cost', 'PROFESSIONAL QUANTITY SURVEYING', 'Management.', 'https://images.unsplash.com/photo-1541888946425-d81bb19240f5?w=1200&q=80', 'services/index.html', 'Our Services', true, 2),
('00000000-0000-0000-0000-000000000003', 'Cost Control', '17+ YEARS OF EXCELLENCE', 'Expertise.', 'https://images.unsplash.com/photo-1486406146926-c627a92ad1ab?w=1200&q=80', 'about.html', 'About Us', true, 3),
('00000000-0000-0000-0000-000000000004', 'Government &', 'TRUSTED BY LEADING ORGANIZATIONS', 'Private Sector.', 'https://images.unsplash.com/photo-1590496793929-36417d3117de?w=1200&q=80', 'projects/index.html', 'View Projects', true, 4),
('00000000-0000-0000-0000-000000000005', 'Delivering Value', 'COMMITTED TO YOUR SUCCESS', 'Every Project.', 'https://images.unsplash.com/photo-1503387762-592deb58ef4e?w=1200&q=80', 'contact.html', 'Get Started', true, 5)
ON CONFLICT (id) DO UPDATE SET title = EXCLUDED.title, tagline = EXCLUDED.tagline, image = EXCLUDED.image;

-- Projects
INSERT INTO projects (id, title, client, location, value, funding, sector, status, year, duration, description, image, services, featured) VALUES
('00000000-0000-0000-0000-000000000001', 'Morogoro Central Market', 'Morogoro Municipal Council', 'Morogoro, Tanzania', '17,000,000,000', 'World Bank', 'Building', 'Completed', 2023, 24, 'Quantity surveying services from inception to final account for the development of modern market facilities.', 'https://images.unsplash.com/photo-1541888946425-d81bb19240f5?w=800&q=80', '{"Pre-contract QS","Post-contract QS","Final Account"}', false),
('00000000-0000-0000-0000-000000000002', 'TANROADS Highway Upgrade', 'TANROADS', 'Dar es Salaam, Tanzania', '45,000,000,000', 'AfDB', 'Civil', 'Ongoing', 2024, 36, 'Cost management and quantity surveying for major highway infrastructure upgrade project.', 'https://images.unsplash.com/photo-1590496793929-36417d3117de?w=800&q=80', '{"Cost Planning","Interim Valuations","Variation Management"}', false),
('00000000-0000-0000-0000-000000000003', 'Bank of Tanzania HQ Renovation', 'Bank of Tanzania', 'Dar es Salaam, Tanzania', '8,500,000,000', 'Self-funded', 'Building', 'Completed', 2022, 18, 'Complete renovation and modernization of headquarters building with cost control services.', 'https://images.unsplash.com/photo-1486406146926-c627a92ad1ab?w=800&q=80', '{"Pre-contract QS","Post-contract QS","Cost Control"}', false)
ON CONFLICT (id) DO UPDATE SET title = EXCLUDED.title, description = EXCLUDED.description;

-- Team
INSERT INTO team_members (id, name, role, experience, qualifications, bio, photo, email, linkedin, display_order) VALUES
('00000000-0000-0000-0000-000000000001', 'QS Kashebo J. Rwezaula', 'Managing Director', 37, 'Registered Quantity Surveyor', 'Experienced in pre and post contract duties, project management and contract administration.', 'https://images.unsplash.com/photo-1560250097-0b93528c311a?w=400&q=80', 'kashebo@kjassociates.co.tz', '', 1),
('00000000-0000-0000-0000-000000000002', 'QS John Mwakasege', 'Director', 25, 'Registered Quantity Surveyor', 'Specializes in cost planning, tender documentation and contract administration.', 'https://images.unsplash.com/photo-1472099645785-5658abf4ff4e?w=400&q=80', 'john@kjassociates.co.tz', '', 2),
('00000000-0000-0000-0000-000000000003', 'QS Sarah Kimaro', 'Director of Operations', 20, 'Registered Quantity Surveyor', 'Expert in project coordination, interim valuations and final accounts.', 'https://images.unsplash.com/photo-1573496359142-b8d87734a5a2?w=400&q=80', 'sarah@kjassociates.co.tz', '', 3)
ON CONFLICT (id) DO UPDATE SET name = EXCLUDED.name;

-- Clients
INSERT INTO clients (id, name, category, logo, website, display_order) VALUES
('00000000-0000-0000-0000-000000000001', 'Bank of Tanzania', 'Government', 'https://www.bot.go.tz', 'https://www.bot.go.tz', 1),
('00000000-0000-0000-0000-000000000002', 'World Bank', 'Donor', 'https://www.worldbank.org', 'https://www.worldbank.org', 2),
('00000000-0000-0000-0000-000000000003', 'TANROADS', 'Government', '', '', 3),
('00000000-0000-0000-0000-000000000004', 'African Development Bank', 'Donor', 'https://www.afdb.org', 'https://www.afdb.org', 4),
('00000000-0000-0000-0000-000000000005', 'UNHCR', 'Donor', 'https://www.unhcr.org', 'https://www.unhcr.org', 5),
('00000000-0000-0000-0000-000000000006', 'UNDP', 'Donor', 'https://www.undp.org', 'https://www.undp.org', 6)
ON CONFLICT (id) DO UPDATE SET name = EXCLUDED.name;

-- Testimonials
INSERT INTO testimonials (id, name, position, company, text, photo, rating, display_order) VALUES
('00000000-0000-0000-0000-000000000001', 'James Mwangi', 'Project Director', 'TANROADS', 'KJ & Associates delivered exceptional cost management services for our highway project. Their attention to detail and professional approach exceeded our expectations.', 'https://images.unsplash.com/photo-1507003211169-0a1dd7228f2d?w=200&q=80', 5, 1),
('00000000-0000-0000-0000-000000000002', 'Grace Massawe', 'Procurement Manager', 'Bank of Tanzania', 'We have worked with KJ & Associates on multiple projects. Their expertise in quantity surveying and commitment to accuracy is unmatched.', 'https://images.unsplash.com/photo-1573497019940-1c28c88b4f3e?w=200&q=80', 5, 2),
('00000000-0000-0000-0000-000000000003', 'Michael Ochieng', 'Regional Manager', 'World Bank Tanzania', 'Professional, reliable, and thorough. KJ & Associates has been instrumental in ensuring our funded projects are delivered within budget.', 'https://images.unsplash.com/photo-1500648767791-00dcc994a43e?w=200&q=80', 5, 3)
ON CONFLICT (id) DO UPDATE SET text = EXCLUDED.text;

-- Blog Posts
INSERT INTO blog_posts (id, title, slug, excerpt, content, category, image, author, date, published) VALUES
('00000000-0000-0000-0000-000000000001', 'Understanding Cost Escalation in Tanzanian Construction Projects', 'cost-escalation-tanzania', 'Learn about the key factors driving cost escalation in construction projects and strategies to mitigate financial risks during project execution.', '<p>Cost escalation is one of the most significant challenges facing construction projects in Tanzania. Understanding the factors that contribute to cost increases is essential for effective project management and budget control.</p><h2>Key Factors Driving Cost Escalation</h2><p>Several factors contribute to cost escalation in Tanzanian construction projects:</p><ul><li><strong>Currency Fluctuations:</strong> The Tanzanian Shilling''s volatility against major currencies impacts the cost of imported materials and equipment.</li><li><strong>Material Price Increases:</strong> Global supply chain disruptions and local demand pressures can significantly affect construction material prices.</li><li><strong>Labor Cost Changes:</strong> Skilled labor shortages often lead to wage increases during project execution.</li><li><strong>Regulatory Changes:</strong> New building codes, environmental regulations, and tax policies can add unexpected costs.</li></ul><h2>Strategies for Mitigation</h2><p>Effective cost management requires proactive strategies including comprehensive cost planning, appropriate contract provisions, and regular monitoring.</p>', 'cost-management', 'https://images.unsplash.com/photo-1504307651254-35680f356dfd?w=800&q=80', 'QS Kashebo J. Rwezaula', '2024-12-15', true),
('00000000-0000-0000-0000-000000000002', 'New AQRB Regulations: What Contractors Need to Know', 'aqrb-regulations-2024', 'A comprehensive guide to the latest regulations from the Architects and Quantity Surveyors Registration Board and their impact on construction projects.', '<p>The Architects and Quantity Surveyors Registration Board (AQRB) has introduced several new regulations that will significantly impact how construction projects are managed in Tanzania.</p><h2>Overview of New Regulations</h2><p>Key changes include enhanced qualification requirements, mandatory CPD requirements, updated fee structures, and stricter compliance measures.</p><h2>Impact on Contractors</h2><p>Contractors must ensure that all quantity surveying and architectural services are provided by AQRB-registered professionals.</p>', 'regulations', 'https://images.unsplash.com/photo-1589829545856-d10d557cf95f?w=800&q=80', 'QS John Mwakasege', '2024-12-10', true),
('00000000-0000-0000-0000-000000000003', 'Project Spotlight: Morogoro Central Market Development', 'morogoro-market-spotlight', 'An in-depth look at our role in the World Bank-funded Morogoro Central Market project, showcasing our cost management expertise.', '<p>The Morogoro Central Market Development project stands as one of our most significant achievements, demonstrating KJ & Associates'' capability in managing large-scale, donor-funded construction projects.</p><h2>Project Overview</h2><p>The project involved the development of modern market facilities to serve the growing commercial needs of Morogoro Municipality.</p><h2>Our Role</h2><p>KJ & Associates provided comprehensive quantity surveying services throughout the project lifecycle including pre-contract services, post-contract services, and final account preparation.</p>', 'project-spotlight', 'https://images.unsplash.com/photo-1541888946425-d81bb19240f5?w=800&q=80', 'QS Sarah Kimaro', '2024-12-05', true),
('00000000-0000-0000-0000-000000000004', 'Construction Industry Outlook for Tanzania 2025', 'construction-outlook-2025', 'Analysis of emerging trends, opportunities, and challenges facing the Tanzanian construction industry in the coming year.', '<p>As we approach 2025, the Tanzanian construction industry stands at a pivotal moment. This analysis examines the key trends, opportunities, and challenges that will shape the sector.</p><h2>Emerging Trends</h2><p>Digital transformation, sustainable construction, and infrastructure development are key trends driving the industry forward.</p>', 'industry-insights', 'https://images.unsplash.com/photo-1486406146926-c627a92ad1ab?w=800&q=80', 'QS Kashebo J. Rwezaula', '2024-11-28', true),
('00000000-0000-0000-0000-000000000005', 'KJ & Associates Celebrates 17 Years of Excellence', '17-years-anniversary', 'Reflecting on our journey, achievements, and commitment to delivering quality quantity surveying services in Tanzania.', '<p>KJ & Associates Consultancy Ltd proudly celebrates 17 years of delivering exceptional quantity surveying and construction project management services in Tanzania.</p><h2>Our Journey</h2><p>Founded in 2007, KJ & Associates has grown from a small consultancy to one of Tanzania''s leading quantity surveying firms.</p>', 'company-news', 'https://images.unsplash.com/photo-1521737711867-e3b97375f902?w=800&q=80', 'KJ & Associates Team', '2024-11-20', true),
('00000000-0000-0000-0000-000000000006', '5 Tips for Effective Construction Budget Management', 'budget-management-tips', 'Practical advice from our experts on maintaining budget control throughout your construction project lifecycle.', '<p>Effective budget management is crucial for construction project success. Based on our 17+ years of experience, here are five essential tips for maintaining budget control.</p><h2>1. Start with Accurate Cost Estimates</h2><p>The foundation of effective budget management is accurate cost estimation at the project outset.</p><h2>2. Implement Robust Cost Monitoring Systems</h2><p>Regular monitoring allows early identification of budget variances.</p>', 'cost-management', 'https://images.unsplash.com/photo-1554224155-6726b3ff858f?w=800&q=80', 'QS John Mwakasege', '2024-11-15', true)
ON CONFLICT (id) DO UPDATE SET title = EXCLUDED.title;

